Date,Open,High,Low,Close,Adj Close,Volume
11/15/2015,42.759998,42.889999,42.459999,42.59,37.38195,14788600
11/16/2015,42.5,42.77,42.48,42.610001,37.399502,30166600
11/17/2015,42.75,42.84,42.209999,42.73,37.504829,13667300
11/18/2015,42.66,42.900002,42.34,42.790001,37.557491,9427400
11/19/2015,42.799999,42.860001,42.349998,42.349998,37.171299,15356200
11/20/2015,42.32,42.360001,41.900002,42.240002,37.074757,16252200
11/21/2015,42.18,42.32,41.810001,42.16,37.004532,9693100
11/22/2015,42.27,42.389999,41.889999,41.970001,36.837776,10488500
11/23/2015,42,42.349998,41.98,42.330002,37.153744,9625100
11/24/2015,41.970001,42.220001,41.610001,41.959999,36.828987,11926700
11/25/2015,41.700001,41.790001,41.34,41.540001,36.46035,10842700
11/26/2015,41.439999,41.810001,41.43,41.77,36.662216,8283100
11/27/2015,41.939999,42.200001,41.919998,42.040001,36.899204,9101200
11/28/2015,42.009998,42.049999,41.57,41.580002,36.495461,10725000
11/29/2015,41.459999,41.779999,41.360001,41.380001,36.31992,11619500
11/30/2015,41.43,42,41.389999,41.959999,36.828987,11244900
12/1/2015,41.849998,42.150002,41.509998,41.669998,36.574448,12739400
12/2/2015,41.77,42.349998,41.68,42.279999,37.109856,12966300
12/3/2015,42.32,43.299999,42.32,43.110001,37.838364,24090700
12/4/2015,43.310001,43.580002,42.400002,42.43,37.24152,19780800
12/5/2015,42.549999,43.18,42.529999,42.959999,37.706696,13338100
12/6/2015,42.700001,43.599998,42.66,43.360001,38.057785,15767200
12/7/2015,43.32,43.5,43.240002,43.360001,38.057785,10344900
12/8/2015,43.040001,43.240002,42.799999,43.150002,38.163925,7236700
12/9/2015,43.119999,43.150002,42.610001,42.619999,37.695171,16063000
12/10/2015,42.73,43.099998,42.73,42.889999,37.933964,11153000
12/11/2015,42.830002,42.93,42.59,42.77,37.827827,12598500
12/12/2015,42.73,42.889999,42.32,42.459999,37.553658,15004400
12/13/2015,42.580002,43.48,42.580002,43.290001,38.287743,16488000
12/14/2015,43.310001,43.439999,43,43.200001,38.208149,12030700
12/15/2015,43.049999,43.25,42.799999,43.009998,38.0401,10736200
12/16/2015,42.779999,43.27,42.5,42.66,37.730541,12945500
12/17/2015,42.73,43.07,42.529999,42.759998,37.818989,15483300
12/18/2015,42.630001,42.830002,42.139999,42.27,37.385612,17313400
12/19/2015,42.310001,42.759998,41.970001,42.450001,37.544811,20092900
12/20/2015,42.84,43.240002,42.759998,43.07,38.093163,17916400
12/21/2015,43.25,43.91,43.25,43.84,38.774193,21868600
12/22/2015,43.810001,43.889999,43.419998,43.490002,38.464642,14697000
12/23/2015,43.360001,43.419998,42.5,42.5,37.589027,24583700
12/24/2015,42.82,42.939999,42.459999,42.779999,37.836685,10444400
12/25/2015,42.860001,43.389999,42.709999,43.290001,38.287743,12280800
12/26/2015,43.389999,43.73,43.349998,43.669998,38.62384,9092300
12/27/2015,43.490002,43.720001,43.419998,43.540001,38.508854,3036600
12/28/2015,43.439999,43.52,43.310001,43.490002,38.464642,6326100
12/29/2015,43.540001,43.779999,43.5,43.709999,38.65921,7739800
12/30/2015,43.75,43.77,43.450001,43.57,38.535389,5112500
12/31/2015,43.299999,43.34,42.869999,42.959999,37.995872,9727900
1/4/2016,42.34,42.5,41.970001,42.400002,37.500591,16084100
1/5/2016,42.310001,42.630001,42.169998,42.549999,37.633259,15781900
1/6/2016,42.200001,42.509998,42.040001,42.32,37.429832,16245100
1/7/2016,41.650002,42.110001,41.450001,41.619999,36.810719,20563600
1/8/2016,41.650002,42.119999,41.41,41.509998,36.713428,14645900
1/11/2016,41.580002,41.860001,41.290001,41.580002,36.775349,15815200
1/12/2016,42.299999,42.450001,41.869999,42.119999,37.252941,21814800
1/13/2016,42.169998,42.57,41.790001,41.849998,37.014141,16854300
1/14/2016,41.990002,42.169998,41.639999,41.880001,37.040676,16028000
1/15/2016,40.950001,41.59,40.93,41.5,36.704586,21153600
1/19/2016,41.77,42.119999,41.650002,41.919998,37.07605,15462200
1/20/2016,41.450001,41.619999,40.75,41.380001,36.598454,19923500
1/21/2016,41.450001,41.509998,41.09,41.389999,36.607296,15568900
1/22/2016,41.639999,42.240002,41.450001,42.060001,37.199875,15209200
1/25/2016,42.240002,42.5,41.93,42.16,37.288322,12505200
1/26/2016,42.16,42.5,41.93,42.080002,37.217575,13018500
1/27/2016,42.18,42.459999,41.810001,42.09,37.22641,14167000
1/28/2016,42.18,42.720001,42.060001,42.57,37.650944,16622800
1/29/2016,42.860001,43.259998,42.650002,42.919998,37.960499,20457000
2/1/2016,42.599998,43.150002,42.57,43,38.031261,17097800
2/2/2016,42.700001,42.790001,42.41,42.439999,37.535969,12332900
2/3/2016,42.799999,42.939999,42.279999,42.720001,37.783611,15958300
2/4/2016,42.52,42.889999,42.400002,42.529999,37.615562,14413700
2/5/2016,42.93,42.990002,42.259998,42.439999,37.535969,17315700
2/8/2016,42.169998,42.700001,41.900002,42.650002,37.721706,17254400
2/9/2016,42.259998,43.490002,42.259998,43.299999,38.296597,24853800
2/10/2016,43.34,43.389999,42.509998,42.549999,37.633259,16729600
2/11/2016,42.029999,42.610001,41.98,42.41,37.509426,16825300
2/12/2016,42.720001,43.139999,42.560001,43.110001,38.128548,15222400
2/16/2016,43.32,43.459999,43.02,43.360001,38.349655,12675900
2/17/2016,43.419998,43.619999,43.279999,43.490002,38.464642,12332500
2/18/2016,43.630001,43.73,43.299999,43.610001,38.57077,11170300
2/19/2016,43.580002,43.77,43.279999,43.77,38.712276,12850000
2/22/2016,43.77,44.16,43.630001,43.939999,38.862637,20716100
2/23/2016,43.740002,44.049999,43.66,43.689999,38.641525,11166400
2/24/2016,43.560001,43.939999,43.369999,43.91,38.836105,10844200
2/25/2016,43.959999,44.18,43.869999,44.16,39.05722,10903300
2/26/2016,44.040001,44.060001,43.110001,43.139999,38.155079,18421000
2/29/2016,43.169998,43.610001,42.919998,43.130001,38.14624,15049800
3/1/2016,43.380001,43.689999,43.169998,43.689999,38.641525,12358300
3/2/2016,43.470001,43.77,43.419998,43.77,38.712276,12856300
3/3/2016,43.610001,43.98,43.540001,43.959999,38.880329,13134800
3/4/2016,43.779999,44.150002,43.68,44.110001,39.012989,13691500
3/7/2016,43.91,44.139999,43.860001,44.009998,38.924545,10695300
3/8/2016,43.919998,44.470001,43.810001,44.32,39.19873,18900200
3/9/2016,44.389999,44.830002,44.290001,44.810001,39.632107,18466600
3/10/2016,44.84,45.259998,44.68,45.23,40.003571,28908600
3/11/2016,45,45.25,44.93,45.200001,40.288803,16129300
3/14/2016,45.040001,45.419998,45.040001,45.290001,40.369034,13206700
3/15/2016,45.080002,45.560001,45.07,45.240002,40.324459,13686300
3/16/2016,45.049999,45.169998,44.549999,45.049999,40.155109,15386100
3/17/2016,45.049999,45.91,44.970001,45.77,40.796871,24080000
3/18/2016,45.84,45.869999,45.389999,45.599998,40.645336,23853400
3/21/2016,45.419998,45.869999,45.360001,45.669998,40.707737,9740400
3/22/2016,45.549999,45.73,45.389999,45.5,40.556213,13788300
3/23/2016,45.400002,45.709999,45.349998,45.459999,40.520561,9292100
3/24/2016,45.450001,45.599998,45.189999,45.580002,40.627525,10890200
3/28/2016,45.560001,45.93,45.509998,45.799999,40.823612,13306600
3/29/2016,45.860001,46.509998,45.810001,46.48,41.429737,25010400
3/30/2016,46.630001,46.73,46.330002,46.580002,41.518864,14312200
3/31/2016,46.549999,46.880001,46.32,46.389999,41.349499,15544500
4/1/2016,46.139999,46.869999,46.110001,46.830002,41.741703,14922900
4/4/2016,46.84,46.93,46.5,46.889999,41.795174,10629800
4/5/2016,46.619999,46.810001,46.439999,46.529999,41.474293,10696700
4/6/2016,46.57,46.73,46.380001,46.709999,41.634739,9122700
4/7/2016,46.5,46.580002,46.16,46.360001,41.322769,9292000
4/8/2016,46.439999,46.98,46.439999,46.869999,41.777355,11959300
4/11/2016,46.900002,47.130001,46.41,46.439999,41.394077,11880100
4/12/2016,46.41,46.759998,46.349998,46.650002,41.581261,11219100
4/13/2016,46.77,46.779999,45.82,46.040001,41.037537,13234100
4/14/2016,46.060001,46.220001,45.75,45.830002,40.850349,12982200
4/15/2016,45.82,46.16,45.68,46.099998,41.091019,13647800
4/18/2016,46.099998,46.279999,45.82,46.220001,41.197987,11538100
4/19/2016,46.310001,46.619999,46.150002,46.599998,41.53669,14418300
4/20/2016,45.34,45.380001,44.060001,44.369999,39.548988,40360300
4/21/2016,44.259998,44.279999,42.869999,43.66,38.91613,37206900
4/22/2016,43.790001,44.66,43.790001,44.540001,39.70052,25134200
4/25/2016,44.5,44.720001,44.380001,44.709999,39.852047,11173800
4/26/2016,44.919998,44.959999,44.43,44.529999,39.691601,13935500
4/27/2016,44.639999,44.860001,44.25,44.68,39.825306,11335500
4/28/2016,44.5,44.900002,44.459999,44.630001,39.780743,10932500
4/29/2016,44.529999,44.860001,44.5,44.799999,39.932266,11716000
5/2/2016,44.57,45.189999,44.57,44.98,40.092709,12577500
5/3/2016,44.869999,45.07,44.650002,44.84,39.967922,10420500
5/4/2016,44.720001,45.110001,44.509998,44.98,40.092709,9350500
5/5/2016,44.93,45.490002,44.869999,45.060001,40.164013,8801100
5/6/2016,45.060001,45.41,44.919998,45.32,40.395763,8564000
5/9/2016,45.32,45.5,45.169998,45.240002,40.324459,8110600
5/10/2016,45.439999,45.84,45.419998,45.75,40.779049,8933500
5/11/2016,45.73,45.880001,45.450001,45.459999,40.520561,8833100
5/12/2016,45.549999,45.900002,45.490002,45.830002,40.850349,10463400
5/13/2016,45.75,45.830002,45.23,45.349998,40.422508,10341200
5/16/2016,45.16,45.73,45.139999,45.619999,40.663177,9413600
5/17/2016,45.450001,45.560001,44.709999,44.75,39.887703,17457000
5/18/2016,44.560001,44.830002,44.23,44.48,39.647041,12524300
5/19/2016,44.25,44.389999,44.040001,44.32,39.504425,10659500
5/20/2016,44.509998,44.540001,43.939999,43.950001,39.174629,12914100
5/23/2016,44.07,44.16,43.939999,43.970001,39.192451,13554700
5/24/2016,44.099998,44.419998,44,44.369999,39.548988,12634200
5/25/2016,44.509998,44.630001,44.25,44.380001,39.557896,9218100
5/26/2016,44.529999,44.77,44.439999,44.689999,39.834217,8695800
5/27/2016,44.709999,44.959999,44.650002,44.779999,39.91444,7893900
5/31/2016,44.98,44.98,44.259998,44.599998,39.753998,18935200
6/1/2016,44.599998,44.779999,44.490002,44.700001,39.843136,8916000
6/2/2016,44.700001,44.720001,44.5,44.720001,39.860962,6693900
6/3/2016,44.75,45.049999,44.68,45.040001,40.146187,13434900
6/6/2016,45.09,45.48,45.080002,45.369999,40.440338,10310600
6/7/2016,45.349998,45.48,45.200001,45.32,40.395763,9812600
6/8/2016,45.240002,45.66,45.189999,45.549999,40.600773,7915400
6/9/2016,45.330002,45.799999,45.310001,45.759998,40.787956,8042900
6/10/2016,45.619999,46.009998,45.560001,45.990002,40.99297,12357000
6/13/2016,45.48,45.669998,45.09,45.119999,40.525913,10613500
6/14/2016,44.849998,45.130001,44.439999,45.040001,40.454056,11298200
6/15/2016,45.119999,45.34,44.880001,45.009998,40.427116,8360400
6/16/2016,44.869999,45.34,44.720001,45.310001,40.696571,11305400
6/17/2016,45.169998,45.220001,44.380001,44.790001,40.229515,20805400
6/20/2016,45.09,45.310001,44.959999,44.98,40.400169,10712400
6/21/2016,45.16,45.279999,45,45.130001,40.534893,7919400
6/22/2016,45.25,45.330002,44.810001,44.860001,40.292385,10738900
6/23/2016,45.029999,45.169998,44.84,45.080002,40.48999,9655300
6/24/2016,44.200001,44.560001,43.82,43.93,39.457085,26003700
6/27/2016,43.669998,43.889999,43.32,43.779999,39.32235,15779500
6/28/2016,44.060001,44.189999,43.669998,44.18,39.681614,16509800
6/29/2016,44.389999,44.709999,44.240002,44.439999,39.91515,12250900
6/30/2016,44.52,45.330002,44.490002,45.330002,40.714535,16056500
7/1/2016,45.330002,45.41,45.07,45.119999,40.525913,11799700
7/5/2016,45.16,45.669998,45.150002,45.43,40.804352,12339100
7/6/2016,45.5,45.549999,44.919998,45.27,40.660641,10902600
7/7/2016,45.419998,45.52,44.970001,45.09,40.498974,9741100
7/8/2016,45.299999,45.52,45.07,45.380001,40.759441,11127100
7/11/2016,45.349998,45.77,45.110001,45.57,40.930096,10937800
7/12/2016,45.639999,45.709999,45.18,45.580002,40.939083,9739000
7/13/2016,45.610001,45.759998,45.43,45.740002,41.082787,8028400
7/14/2016,45.73,45.939999,45.580002,45.689999,41.037872,7621200
7/15/2016,45.880001,45.900002,45.439999,45.630001,40.983986,10621000
7/18/2016,45.689999,45.700001,45.48,45.630001,40.983986,7958300
7/19/2016,45.459999,45.709999,45.43,45.630001,40.983986,7761100
7/20/2016,45.75,45.77,45.389999,45.509998,40.876202,8478200
7/21/2016,45.34,45.509998,45.259998,45.450001,40.822315,8045100
7/22/2016,45.5,45.84,45.459999,45.830002,41.16362,8836100
7/25/2016,45.810001,45.830002,45.470001,45.57,40.930096,9134300
7/26/2016,45.529999,45.650002,44.830002,44.880001,40.310349,15819900
7/27/2016,43.900002,44.060001,43.099998,43.400002,38.981045,37461100
7/28/2016,43.27,43.689999,43.220001,43.650002,39.205589,13077800
7/29/2016,43.720001,43.75,43.48,43.630001,39.18763,16530500
8/1/2016,43.689999,43.830002,43.43,43.450001,39.025955,12349700
8/2/2016,43.349998,43.580002,43.310001,43.529999,39.097816,12825200
8/3/2016,43.66,43.700001,43.369999,43.639999,39.196609,12119100
8/4/2016,43.560001,43.799999,43.400002,43.509998,39.079842,11244100
8/5/2016,43.650002,43.75,43.41,43.48,39.052895,10398200
8/8/2016,43.43,43.52,43.220001,43.439999,39.016968,8680300
8/9/2016,43.5,43.639999,43.380001,43.470001,39.043915,7281300
8/10/2016,43.639999,43.689999,43.5,43.610001,39.169659,8412100
8/11/2016,43.720001,43.869999,43.619999,43.75,39.295406,11303300
8/12/2016,43.91,44.189999,43.790001,44.029999,39.54689,10928900
8/15/2016,44.099998,44.330002,44.009998,44.240002,39.735519,10390600
8/16/2016,44.25,44.25,43.830002,43.830002,39.367264,9706100
8/17/2016,44.009998,44.07,43.779999,44.060001,39.573849,11208500
8/18/2016,44.009998,44.259998,44,44.099998,39.609764,9144300
8/19/2016,44.049999,44.060001,43.740002,43.919998,39.448093,9385900
8/22/2016,43.939999,43.950001,43.73,43.740002,39.286427,8687500
8/23/2016,43.849998,43.98,43.740002,43.849998,39.38522,8421100
8/24/2016,43.82,43.939999,43.66,43.849998,39.38522,11508900
8/25/2016,43.849998,43.939999,43.630001,43.669998,39.223557,9815700
8/26/2016,43.720001,43.919998,43.310001,43.32,38.909191,11824900
8/29/2016,43.34,43.610001,43.330002,43.540001,39.106789,9544600
8/30/2016,43.459999,43.529999,43.119999,43.240002,38.837334,9720100
8/31/2016,43.43,43.459999,43.080002,43.43,39.007992,10217900
9/1/2016,43.209999,43.41,43.200001,43.349998,38.936131,8457800
9/2/2016,43.52,43.830002,43.470001,43.66,39.214561,9026000
9/6/2016,43.740002,43.799999,43.400002,43.790001,39.331337,8600400
9/7/2016,43.720001,43.799999,43.529999,43.639999,39.196609,8656600
9/8/2016,43.669998,43.73,43.450001,43.630001,39.18763,10020400
9/9/2016,43.43,43.43,42.27,42.27,37.966103,23624200
9/12/2016,42.360001,43.23,42.34,43.189999,38.792431,15932300
9/13/2016,42.77,42.77,42.209999,42.279999,38.285332,12962700
9/14/2016,42.27,42.41,41.990002,42.110001,38.131397,9823900
9/15/2016,42.009998,42.389999,41.880001,42.360001,38.357777,10158500
9/16/2016,42.169998,42.259998,41.970001,42.139999,38.158558,16354000
9/19/2016,42.16,42.369999,42.080002,42.099998,38.122337,7659900
9/20/2016,42.310001,42.529999,42.240002,42.34,38.339664,8407200
9/21/2016,42.279999,42.610001,42.099998,42.529999,38.511711,13654700
9/22/2016,42.709999,43.009998,42.689999,42.959999,38.901089,9288300
9/23/2016,42.810001,42.939999,42.650002,42.740002,38.701874,8852700
9/26/2016,42.709999,42.720001,42.009998,42.049999,38.077065,15036000
9/27/2016,42.189999,42.630001,42,42.59,38.56604,11920400
9/28/2016,42.630001,42.759998,42.029999,42.150002,38.167614,15523800
9/29/2016,42.02,42.389999,41.849998,42.029999,38.058952,12671700
9/30/2016,42.209999,42.5,42.060001,42.32,38.32156,14375700
10/3/2016,42.310001,42.310001,41.889999,42.029999,38.058952,11152800
10/4/2016,42.34,42.34,41.779999,41.84,37.886906,13682700
10/5/2016,41.93,42.07,41.669998,41.810001,37.859745,9607300
10/6/2016,41.68,41.939999,41.580002,41.709999,37.769188,9722900
10/7/2016,41.830002,41.939999,41.57,41.73,37.7873,8122800
10/10/2016,41.919998,41.990002,41.599998,41.73,37.7873,8983600
10/11/2016,41.66,41.700001,41.400002,41.540001,37.615253,12249100
10/12/2016,41.630001,41.84,41.5,41.779999,37.832577,12216300
10/13/2016,41.650002,41.889999,41.509998,41.759998,37.814457,17655600
10/14/2016,41.849998,41.91,41.619999,41.669998,37.732964,9893800
10/17/2016,41.73,41.860001,41.57,41.599998,37.669582,10792500
10/18/2016,41.810001,42,41.73,41.970001,38.004627,11297300
10/19/2016,41.93,42.119999,41.810001,42.049999,38.077065,16367400
10/20/2016,41.970001,42.110001,41.889999,41.93,37.968399,10620500
10/21/2016,41.849998,42.169998,41.68,42.130001,38.149509,14401500
10/24/2016,42.32,42.77,42.25,42.560001,38.538879,13439200
10/25/2016,42.639999,42.880001,42.43,42.540001,38.520771,16484700
10/26/2016,43,43.029999,42.41,42.439999,38.430214,16886200
10/27/2016,42.630001,42.650002,41.900002,42.119999,38.14045,14537000
10/28/2016,42.259998,42.470001,42.099998,42.23,38.240055,13398400
10/31/2016,42.119999,42.41,42.119999,42.400002,38.393997,13327500
11/1/2016,42.400002,42.43,41.91,42.119999,38.14045,12223400
11/2/2016,42.099998,42.34,42.009998,42.049999,38.077065,12034300
11/3/2016,42.220001,42.220001,41.959999,42.029999,38.058952,11258000
11/4/2016,41.849998,42.040001,41.689999,41.689999,37.751076,14464200
11/7/2016,42.040001,42.5,42.040001,42.459999,38.44833,14038500
11/8/2016,42.369999,42.98,42.369999,42.880001,38.828651,12036600
11/9/2016,41.759998,42.32,41.700001,42.27,38.276287,21351000
11/10/2016,41.860001,42.259998,40.849998,40.939999,37.071941,33245500
11/11/2016,40.950001,41.130001,40.630001,41.029999,37.153439,13421000
11/14/2016,41.130001,41.419998,40.849998,41.169998,37.280205,19514200
11/15/2016,41.18,41.52,41.169998,41.439999,37.524696,16554000
11/16/2016,41.400002,41.650002,41.16,41.259998,37.361698,12681400
11/17/2016,41.279999,41.299999,41,41.119999,37.234928,12398800
11/18/2016,41.029999,41.200001,40.900002,40.91,37.044773,16345300
11/21/2016,40.91,41.360001,40.73,41.360001,37.452259,12307000
11/22/2016,41.450001,41.700001,41.240002,41.369999,37.461311,12743500
11/23/2016,41.220001,41.310001,41.029999,41.119999,37.234928,9281300
11/25/2016,41.389999,41.580002,41.240002,41.529999,37.606194,7402300
11/28/2016,41.509998,41.790001,41.27,41.75,37.805412,19424400
11/29/2016,41.52,41.52,41.139999,41.150002,37.577114,11421900
11/30/2016,41,41.200001,40.349998,40.349998,36.846577,22410400
12/1/2016,40.310001,40.389999,39.880001,40.169998,36.682201,20409900
12/2/2016,40.299999,40.490002,40.189999,40.360001,36.855705,11176300
12/5/2016,40.34,40.689999,40.310001,40.619999,37.093136,15977800
12/6/2016,40.75,40.77,40.419998,40.57,37.047474,11303500
12/7/2016,40.540001,41.290001,40.509998,41.290001,37.704964,13726500
12/8/2016,41.07,41.209999,40.849998,40.98,37.421871,13077100
12/9/2016,41.5,42.220001,41.290001,42,38.353313,28125800
12/12/2016,42,42.009998,41.720001,41.900002,38.261997,17561900
12/13/2016,41.720001,41.959999,41.540001,41.759998,38.134144,18986000
12/14/2016,41.889999,41.990002,41.060001,41.209999,37.631905,17937900
12/15/2016,41.099998,41.810001,41.099998,41.549999,37.942383,14265300
12/16/2016,41.610001,41.759998,41.48,41.740002,38.115891,19675200
12/19/2016,41.689999,41.799999,41.580002,41.669998,38.05196,8687300
12/20/2016,41.700001,41.720001,41.439999,41.66,38.042835,10603500
12/21/2016,41.599998,41.830002,41.52,41.57,37.960651,9693600
12/22/2016,41.57,41.619999,41.080002,41.549999,37.942383,11894100
12/23/2016,41.619999,41.689999,41.349998,41.599998,37.988045,6436600
12/27/2016,41.560001,41.759998,41.540001,41.610001,37.997173,6999200
12/28/2016,41.490002,41.669998,41.389999,41.389999,37.796276,8988000
12/29/2016,41.380001,41.689999,41.380001,41.599998,37.988045,6875300
12/30/2016,41.689999,41.84,41.349998,41.459999,37.860199,11470200
1/3/2017,41.5,41.810001,41.279999,41.799999,38.170681,14711000
1/4/2017,41.880001,41.970001,41.59,41.650002,38.033703,9959400
1/5/2017,41.66,41.860001,41.529999,41.75,38.125023,8968300
1/6/2017,41.700001,41.810001,41.540001,41.740002,38.115891,10246600
1/9/2017,41.23,41.580002,41.209999,41.32,37.732353,14822500
1/10/2017,41.439999,41.439999,40.860001,41.040001,37.476665,19706800
1/11/2017,40.849998,41.119999,40.830002,41.049999,37.485794,9266200
1/12/2017,41.009998,41.040001,40.799999,40.950001,37.394485,8541200
1/13/2017,41,41.040001,40.689999,40.880001,37.330559,8123500
1/17/2017,40.84,41.299999,40.799999,41.220001,37.641048,12469400
1/18/2017,41.25,41.380001,41.139999,41.290001,37.704964,10390500
1/19/2017,41.139999,41.290001,41.029999,41.139999,37.567986,10987100
1/20/2017,41.27,41.439999,41.130001,41.32,37.732353,14695400
1/23/2017,41.310001,41.5,41.209999,41.43,37.832809,11628900
1/24/2017,41.470001,41.970001,41.470001,41.900002,38.261997,17040100
1/25/2017,41.939999,42.25,41.900002,42.119999,38.462891,12538200
1/26/2017,42.029999,42.110001,41.790001,41.810001,38.179813,8976800
1/27/2017,41.91,41.950001,41.419998,41.450001,37.851059,12967400
1/30/2017,41.299999,41.48,41.209999,41.380001,37.787151,11626200
1/31/2017,41.389999,41.689999,41.360001,41.57,37.960651,12678000
2/1/2017,41.52,41.66,41.25,41.259998,37.677559,11136100
2/2/2017,41.41,41.490002,41.25,41.400002,37.805412,9459700
2/3/2017,41.580002,41.790001,41.459999,41.540001,37.933254,11882400
2/6/2017,41.529999,41.669998,41.400002,41.560001,37.951515,15742800
2/7/2017,41.700001,41.98,41.669998,41.900002,38.261997,13315200
2/8/2017,41.91,42.150002,41.84,42.02,38.371571,14219700
2/9/2017,42.02,42.02,40.720001,41.25,37.66843,27240300
2/10/2017,41.02,41.200001,40.549999,40.580002,37.056602,28847300
2/13/2017,40.77,40.830002,40.5,40.619999,37.093136,23617100
2/14/2017,40.380001,40.599998,40.220001,40.529999,37.010948,32177800
2/15/2017,40.419998,40.630001,40.400002,40.439999,36.928761,26600800
2/16/2017,40.549999,41.279999,40.5,41.200001,37.622776,22214800
2/17/2017,41.130001,41.360001,41.049999,41.23,37.650166,15065100
2/21/2017,41.200001,41.5,41.200001,41.459999,37.860199,17072600
2/22/2017,41.509998,41.68,41.400002,41.599998,37.988045,11186800
2/23/2017,41.669998,42,41.619999,41.66,38.042835,12856800
2/24/2017,41.700001,41.91,41.599998,41.779999,38.152416,13215300
2/27/2017,41.75,41.75,41.59,41.669998,38.05196,12186400
2/28/2017,41.68,42.07,41.639999,41.959999,38.316788,15946800
3/1/2017,42.009998,42.349998,41.880001,42.16,38.49942,14662000
3/2/2017,42.080002,42.560001,42.07,42.470001,38.782509,15507600
3/3/2017,42.470001,42.490002,42.25,42.48,38.791634,11740000
3/6/2017,42.34,42.43,42.119999,42.18,38.517685,16307800
3/7/2017,42,42.240002,41.950001,41.990002,38.344185,11273700
3/8/2017,42,42.029999,41.740002,41.990002,38.344185,14636000
3/9/2017,42.09,42.110001,41.919998,42.029999,38.380707,14496400
3/10/2017,42.23,42.400002,42.150002,42.290001,38.618134,16369700
3/13/2017,41.919998,42.119999,41.84,42.029999,38.719471,12831500
3/14/2017,41.98,42.099998,41.830002,41.970001,38.6642,9844500
3/15/2017,41.98,42.279999,41.970001,42.119999,38.80238,22757800
3/16/2017,42.029999,42.389999,41.900002,42.25,38.922134,16004200
3/17/2017,42.279999,42.349998,42.009998,42.029999,38.719471,37526500
3/20/2017,42.099998,42.34,42.07,42.18,38.857655,11484200
3/21/2017,42.310001,42.630001,42.209999,42.5,39.152447,17187300
3/22/2017,42.560001,42.700001,42.25,42.380001,39.041904,11605500
3/23/2017,42.209999,42.389999,42.060001,42.169998,38.848442,11503300
3/24/2017,42.23,42.25,41.91,42.119999,38.80238,13804400
3/27/2017,42.110001,42.34,42.049999,42.32,38.986629,12387400
3/28/2017,42.240002,42.560001,42.240002,42.43,39.087971,14123800
3/29/2017,42.509998,42.529999,42.290001,42.419998,39.078747,9580100
3/30/2017,42.349998,42.619999,42.259998,42.599998,39.244572,11999900
3/31/2017,42.549999,42.650002,42.43,42.439999,39.097179,11551800
4/3/2017,42.580002,42.630001,42.27,42.41,39.069534,11240000
4/4/2017,42.509998,42.689999,42.369999,42.68,39.318272,10946200
4/5/2017,42.650002,42.860001,42.529999,42.57,39.216942,10142800
4/6/2017,42.580002,42.759998,42.470001,42.669998,39.309059,14597800
4/7/2017,42.639999,42.740002,42.509998,42.610001,39.253784,11028800
4/10/2017,42.73,42.799999,42.560001,42.689999,39.327484,9426900
4/11/2017,42.68,42.75,42.52,42.66,39.29985,8909400
4/12/2017,42.540001,42.990002,42.509998,42.939999,39.557785,13417200
4/13/2017,42.869999,43.080002,42.779999,42.790001,39.419609,9891900
4/17/2017,42.790001,43.07,42.779999,43.07,39.677547,11318100
4/18/2017,43.110001,43.59,43.09,43.48,40.05526,13181600
4/19/2017,43.740002,43.790001,43.189999,43.23,39.824951,13893100
4/20/2017,43.200001,43.299999,43.049999,43.09,39.695976,10838300
4/21/2017,42.98,43.099998,42.889999,43.07,39.677547,13833800
4/24/2017,43.240002,43.43,43.150002,43.279999,39.871014,16703800
4/25/2017,42.849998,43.43,42.82,43.110001,39.714405,18745100
4/26/2017,43.060001,43.43,42.98,43.240002,39.83416,13626600
4/27/2017,43.169998,43.279999,42.919998,43.009998,39.622272,10386200
4/28/2017,42.959999,43.200001,42.849998,43.150002,39.751255,10337800
5/1/2017,43.150002,43.5,43.099998,43.220001,39.815735,13208200
5/2/2017,43.220001,43.439999,43.16,43.389999,39.972347,11823900
5/3/2017,43.330002,43.490002,43.150002,43.32,39.907871,10389000
5/4/2017,43.419998,43.810001,43.400002,43.66,40.221077,10193100
5/5/2017,43.790001,43.84,43.560001,43.689999,40.248718,8133000
5/8/2017,43.59,43.91,43.540001,43.889999,40.432968,14284300
5/9/2017,43.889999,43.889999,43.380001,43.509998,40.082893,8694400
5/10/2017,43.48,43.619999,43.360001,43.57,40.138168,7597700
5/11/2017,43.490002,43.68,43.43,43.669998,40.230297,6860100
5/12/2017,43.639999,43.68,43.459999,43.59,40.156593,7275800
5/15/2017,43.459999,43.759998,43.459999,43.73,40.285564,8493000
5/16/2017,43.869999,44.110001,43.77,43.849998,40.396114,10454100
5/17/2017,43.849998,44.169998,43.709999,43.93,40.469814,14538800
5/18/2017,43.869999,43.959999,43.639999,43.799999,40.350052,13832200
5/19/2017,43.849998,44,43.759998,43.900002,40.442181,11796800
5/22/2017,43.889999,44.220001,43.810001,44.18,40.700119,12857900
5/23/2017,44.25,44.599998,44.209999,44.389999,40.893581,11996100
5/24/2017,44.509998,45.09,44.509998,45.029999,41.483173,12738300
5/25/2017,45,45.48,44.970001,45.41,41.833241,16704200
5/26/2017,45.349998,45.560001,45.330002,45.389999,41.814808,11341400
5/30/2017,45.16,45.459999,45.110001,45.43,41.851665,13093500
5/31/2017,45.43,45.700001,45.369999,45.470001,41.888519,14148000
6/1/2017,45.450001,45.790001,45.23,45.790001,42.183315,11049300
6/2/2017,45.830002,45.889999,45.610001,45.889999,42.275433,9923700
6/5/2017,45.779999,45.990002,45.689999,45.990002,42.367554,10015200
6/6/2017,45.900002,46.060001,45.779999,45.98,42.358341,9836700
6/7/2017,45.5,45.700001,45.349998,45.509998,41.925362,12776300
6/8/2017,45.509998,45.509998,45.029999,45.130001,41.575298,12879000
6/9/2017,45.060001,45.349998,44.970001,45.32,41.750328,9358800
6/12/2017,45.32,45.48,45.200001,45.330002,41.759548,11228500
6/13/2017,45,45.110001,44.799999,45.029999,41.824554,10023400
6/14/2017,45.18,45.470001,45.16,45.299999,42.075336,11497500
6/15/2017,45.18,45.34,45.040001,45.25,42.028896,9908700
6/16/2017,45.310001,45.349998,45.009998,45.310001,42.084629,27025300
6/19/2017,45.349998,45.380001,45.099998,45.380001,42.149647,7624700
6/20/2017,45.349998,45.869999,45.32,45.610001,42.36327,14920900
6/21/2017,45.619999,45.68,45.169998,45.220001,42.001034,9515800
6/22/2017,45.169998,45.279999,45.029999,45.07,41.86171,7446300
6/23/2017,45.049999,45.380001,45.029999,45.25,42.028896,9544800
6/26/2017,45.32,45.509998,45.299999,45.43,42.196087,7747100
6/27/2017,45.34,45.400002,45,45.049999,41.84314,11432200
6/28/2017,45.25,45.5,45.23,45.32,42.093914,9218800
6/29/2017,45.130001,45.240002,44.650002,44.830002,41.638798,9283500
6/30/2017,44.889999,45.119999,44.849998,44.849998,41.657372,9352800
7/3/2017,45.110001,45.27,44.759998,44.759998,41.57378,6434500
7/5/2017,44.790001,44.990002,44.73,44.82,41.629505,6853600
7/6/2017,44.720001,44.849998,44.290001,44.400002,41.239403,13113000
7/7/2017,44.470001,44.52,44.240002,44.389999,41.230118,9566000
7/10/2017,44.450001,44.580002,44.23,44.380001,41.220833,9672000
7/11/2017,44.32,44.48,44.150002,44.330002,41.174385,10300700
7/12/2017,44.59,44.77,44.439999,44.509998,41.341576,7737400
7/13/2017,44.490002,44.529999,44.369999,44.43,41.267273,6371900
7/14/2017,44.52,44.720001,44.5,44.68,41.499477,8558700
7/17/2017,44.66,44.790001,44.610001,44.73,41.545914,7189200
7/18/2017,44.779999,44.849998,44.619999,44.669998,41.490181,9037200
7/19/2017,44.669998,44.84,44.549999,44.830002,41.638798,6986900
7/20/2017,44.900002,44.98,44.75,44.82,41.629505,7430300
7/21/2017,44.779999,45.07,44.669998,45.029999,41.824554,8545600
7/24/2017,45.040001,45.049999,44.830002,44.84,41.648087,9103600
7/25/2017,45.02,45.290001,44.939999,45.240002,42.019611,14096300
7/26/2017,44.549999,45.790001,44.310001,45.740002,42.484024,13608900
7/27/2017,45.799999,46.43,45.700001,46.119999,42.836964,15195200
7/28/2017,46,46.119999,45.73,46.009998,42.734795,11945300
7/31/2017,46,46.080002,45.790001,45.84,42.5769,13622900
8/1/2017,45.970001,46.060001,45.650002,45.700001,42.446869,10306800
8/2/2017,45.599998,46,45.380001,45.59,42.3447,10187900
8/3/2017,45.650002,45.950001,45.630001,45.669998,42.419003,14261400
8/4/2017,45.669998,45.759998,45.470001,45.5,42.261105,9523600
8/7/2017,45.52,45.759998,45.5,45.639999,42.39114,6226300
8/8/2017,45.639999,45.82,45.549999,45.599998,42.353985,5747900
8/9/2017,45.560001,45.66,45.330002,45.59,42.3447,9635300
8/10/2017,45.560001,45.84,45.459999,45.740002,42.484024,8901600
8/11/2017,45.860001,45.900002,45.57,45.59,42.3447,8357600
8/14/2017,45.669998,45.939999,45.619999,45.799999,42.539745,8421200
8/15/2017,45.799999,46.25,45.799999,46.189999,42.901981,9638100
8/16/2017,46.150002,46.34,46.119999,46.200001,42.911278,8087300
8/17/2017,46.119999,46.330002,45.849998,45.860001,42.595482,8477000
8/18/2017,45.799999,45.900002,45.630001,45.669998,42.419003,10879800
8/21/2017,45.669998,45.799999,45.560001,45.68,42.428288,9429700
8/22/2017,45.700001,45.75,45.540001,45.599998,42.353985,10536700
8/23/2017,45.630001,45.66,45.439999,45.540001,42.29826,6528400
8/24/2017,45.540001,45.610001,45.310001,45.41,42.177509,7534400
8/25/2017,45.599998,45.759998,45.560001,45.57,42.326118,8807100
8/28/2017,45.630001,45.689999,45.380001,45.419998,42.186798,8024000
8/29/2017,45.400002,45.57,45.25,45.450001,42.214661,7762200
8/30/2017,45.360001,45.540001,45.290001,45.389999,42.158932,7134900
8/31/2017,45.400002,45.650002,45.34,45.549999,42.307541,14264600
9/1/2017,45.639999,45.799999,45.540001,45.779999,42.521164,7391200
9/5/2017,45.75,45.93,45.650002,45.919998,42.651199,9916700
9/6/2017,45.98,46.040001,45.790001,45.959999,42.688358,9238900
9/7/2017,46.009998,46.32,45.959999,46.279999,42.98558,9418400
9/8/2017,46.189999,46.369999,46.02,46.299999,43.004158,10534900
9/11/2017,46.349998,46.59,46.220001,46.52,43.208492,10430300
9/12/2017,46.5,46.75,46.450001,46.720001,43.394257,8567600
9/13/2017,46.68,46.98,46.650002,46.869999,43.533581,10218000
9/14/2017,46.400002,46.470001,45.939999,46.110001,43.168465,13768800
9/15/2017,46.299999,46.360001,46,46.18,43.233997,16141400
9/18/2017,46.150002,46.240002,45.91,46.110001,43.168465,8535300
9/19/2017,46.139999,46.189999,45.889999,45.98,43.046753,7297900
9/20/2017,45.759998,46.150002,45.549999,45.779999,42.859509,11026600
9/21/2017,45.709999,45.790001,45.360001,45.400002,42.503754,7555300
9/22/2017,45.450001,45.630001,45.369999,45.490002,42.588013,8024800
9/25/2017,45.5,45.759998,45.349998,45.689999,42.775249,9215300
9/26/2017,45.689999,45.869999,45.560001,45.57,42.66291,6480100
9/27/2017,45.470001,45.5,44.380001,44.639999,41.792236,14816200
9/28/2017,44.669998,45,44.650002,44.91,42.045013,8789500
9/29/2017,44.860001,45.110001,44.790001,45.009998,42.138634,10082200
10/2/2017,45.049999,45.27,44.75,44.799999,41.942028,10707800
10/3/2017,44.860001,45.259998,44.759998,45.189999,42.307152,12038100
10/4/2017,45.110001,45.560001,44.939999,45.5,42.597378,14060300
10/5/2017,45.509998,45.75,45.5,45.52,42.6161,10215300
10/6/2017,45.389999,45.52,45.279999,45.490002,42.588013,5437900
10/9/2017,45.549999,45.650002,45.34,45.41,42.513111,5268300
10/10/2017,45.599998,45.900002,45.529999,45.869999,42.943768,6310400
10/11/2017,45.880001,46.099998,45.869999,46.099998,43.159096,6638200
10/12/2017,45.98,46.139999,45.939999,46.110001,43.168465,7710200
10/13/2017,46.25,46.380001,46.150002,46.18,43.233997,7126000
10/16/2017,46.119999,46.75,46.099998,46.619999,43.645924,12708600
10/17/2017,46.529999,46.630001,46.310001,46.52,43.552303,7699400
10/18/2017,46.41,46.540001,46.240002,46.400002,43.43996,6272200
10/19/2017,46.369999,46.790001,46.32,46.59,43.617836,7515500
10/20/2017,46.580002,46.59,46.279999,46.380001,43.421234,9646800
10/23/2017,46.380001,46.650002,46.23,46.32,43.365063,7153600
10/24/2017,46.259998,46.290001,45.950001,46.18,43.233997,9539500
10/25/2017,46.369999,46.759998,45.93,46.049999,43.112286,11994200
10/26/2017,46.32,46.75,46.220001,46.23,43.280804,10569100
10/27/2017,46.130001,46.330002,45.91,46.07,43.131008,9988000
10/30/2017,46,46.07,45.82,45.860001,42.934406,7201900
10/31/2017,45.919998,46.169998,45.84,45.98,43.046753,6560500
11/1/2017,45.75,46.09,45.630001,45.799999,42.878235,7067600
11/2/2017,45.810001,45.950001,45.75,45.880001,42.953133,8317800
11/3/2017,45.970001,46.16,45.919998,45.970001,43.037395,4730400
11/6/2017,45.91,45.919998,45.419998,45.470001,42.569294,7451300
11/7/2017,45.41,45.950001,45.310001,45.939999,43.009304,9868000
11/8/2017,45.98,46.189999,45.869999,46.18,43.233997,7586900
11/9/2017,46.119999,46.389999,46.02,46.23,43.280804,6532400
11/10/2017,46.200001,46.639999,46.139999,46.540001,43.571026,8022900
11/13/2017,46.599998,46.82,46.540001,46.720001,43.739544,7653600
11/14/2017,46.709999,47.48,46.619999,47.43,44.404255,17200700
11/15/2017,47.32,47.459999,46.779999,46.810001,43.823803,12419100
11/16/2017,46.950001,46.98,46.509998,46.549999,43.580391,12506400
11/17/2017,46.34,46.380001,45.25,45.709999,42.793976,19720700
11/20/2017,45.650002,45.880001,45.419998,45.459999,42.559921,19160900
11/21/2017,45.560001,45.950001,45.540001,45.779999,42.859509,10280800
11/22/2017,45.889999,45.93,45.540001,45.84,42.915688,8434400
11/24/2017,45.889999,46.049999,45.860001,45.880001,42.953133,2996300
11/27/2017,45.880001,45.990002,45.810001,45.900002,42.971855,5649200
11/28/2017,45.990002,46.150002,45.779999,45.830002,42.906326,8432800
11/29/2017,45.77,45.82,45.209999,45.5,42.597378,16502100
11/30/2017,45.139999,45.84,45.029999,45.77,43.201458,17147600
12/1/2017,45.799999,46.02,45.209999,45.970001,43.390232,12468800
12/4/2017,45.990002,46.380001,45.77,46.23,43.635647,17523600
12/5/2017,46.25,46.439999,46.060001,46.259998,43.66396,13670800
12/6/2017,46.360001,46.48,46.259998,46.450001,43.843296,8154000
12/7/2017,46.290001,46.32,45.720001,45.779999,43.210896,9106500
12/8/2017,45.700001,45.73,45.049999,45.310001,42.767273,13238600
12/11/2017,45.310001,45.41,44.919998,45.330002,42.786156,9698700
12/12/2017,45.25,45.52,45.060001,45.290001,42.748398,13999300
12/13/2017,45.450001,46.049999,45.400002,45.900002,43.324158,12418700
12/14/2017,45.810001,46.169998,45.799999,46.029999,43.446865,9029000
12/15/2017,46.290001,46.419998,46.040001,46.189999,43.597885,21181600
12/18/2017,46.200001,46.380001,45.91,45.93,43.352482,10156800
12/19/2017,46.040001,46.380001,45.91,46.130001,43.541256,8253200
12/20/2017,46.209999,46.299999,45.959999,46.080002,43.494064,7311000
12/21/2017,46.139999,46.220001,45.560001,45.599998,43.040993,9657100
12/22/2017,45.689999,45.73,45.549999,45.59,43.031563,5406300
12/26/2017,45.700001,45.860001,45.610001,45.810001,43.23922,6100400
12/27/2017,45.900002,45.939999,45.720001,45.93,43.352482,5660600
12/28/2017,45.91,45.990002,45.639999,45.720001,43.154263,6538900
12/29/2017,45.700001,46.18,45.689999,45.880001,43.305294,8371500
1/2/2018,45.91,45.939999,45.509998,45.540001,42.984371,10872200
1/3/2018,45.490002,45.689999,45.34,45.439999,42.889977,12635600
1/4/2018,45.560001,46.220001,45.450001,46.080002,43.494064,12709400
1/5/2018,46.02,46.200001,45.790001,46.07,43.484619,13113100
1/8/2018,45.950001,46.099998,45.880001,46,43.418552,7068600
1/9/2018,46,46.360001,45.939999,46.23,43.635647,9962400
1/10/2018,46.23,46.259998,45.93,46.07,43.484619,10700700
1/11/2018,46.23,46.23,45.860001,46.040001,43.456306,7583200
1/12/2018,46.279999,46.389999,46.029999,46.150002,43.560127,14570100
1/16/2018,46.150002,46.619999,46.139999,46.529999,43.918812,16459300
1/17/2018,46.580002,47,46.549999,46.82,44.192535,12143100
1/18/2018,46.75,47.07,46.610001,46.880001,44.249168,11952900
1/19/2018,46.990002,47.25,46.869999,47.16,44.513458,16187400
1/22/2018,47.139999,47.5,47.09,47.380001,44.721111,9577400
1/23/2018,47.209999,47.700001,47.130001,47.450001,44.787182,11463700
1/24/2018,47.529999,47.950001,47.48,47.830002,45.145851,15964500
1/25/2018,47.700001,48,47.700001,47.84,45.155296,11755000
1/26/2018,47.779999,48.619999,47.740002,48.529999,45.806564,16671200
1/29/2018,48.209999,48.459999,47.580002,47.700001,45.023148,11662600
1/30/2018,47.73,48.16,47.400002,47.41,44.749424,12404800
1/31/2018,47.450001,47.900002,47.369999,47.59,44.919323,10960100
2/1/2018,47.41,47.73,47.110001,47.450001,44.787182,10279400
2/2/2018,47.349998,47.41,46.630001,46.73,44.107582,12912300
2/5/2018,46.650002,46.919998,44.41,44.889999,42.370842,23261500
2/6/2018,43.869999,44.740002,43.439999,44.669998,42.163189,25184300
2/7/2018,44.580002,45.5,44.279999,44.560001,42.059361,18041600
2/8/2018,44.619999,44.619999,43.07,43.099998,40.681293,23295300
2/9/2018,43.360001,43.459999,42.189999,43.130001,40.709614,22853100
2/12/2018,43.560001,44.23,43.369999,43.970001,41.502476,14689000
2/13/2018,43.919998,44.41,43.689999,44.189999,41.710121,13163200
2/14/2018,44.02,44.189999,43.630001,44.099998,41.625175,13457900
2/15/2018,44.25,44.830002,44.119999,44.779999,42.267014,13467300
2/16/2018,45.57,45.639999,44.720001,44.98,42.455791,17202300
2/20/2018,44.75,44.830002,43.939999,43.990002,41.521351,14137300
2/21/2018,44.110001,44.259998,43.330002,43.34,40.907825,12792900
2/22/2018,43.43,43.82,43.220001,43.52,41.077724,12377800
2/23/2018,43.580002,44.060001,43.419998,44.040001,41.568546,8277200
2/26/2018,44.23,44.389999,43.810001,44.029999,41.559101,12713300
2/27/2018,44.150002,44.310001,43.619999,43.619999,41.172112,12774400
2/28/2018,43.830002,43.91,43.220001,43.220001,40.794559,11929400
3/1/2018,43.099998,43.639999,42.82,43.43,40.992775,17746800
3/2/2018,43.25,43.799999,43.240002,43.720001,41.266502,14050100
3/5/2018,43.57,43.939999,43.5,43.889999,41.42696,11992700
3/6/2018,43.950001,44.049999,43.59,43.93,41.464718,10010500
3/7/2018,43.59,43.919998,43.470001,43.82,41.360886,10881700
3/8/2018,43.900002,44.459999,43.799999,44.450001,41.955536,12361100
3/9/2018,44.57,44.82,44.389999,44.82,42.304771,9778600
3/12/2018,44.950001,45.09,44.330002,44.529999,42.031044,11857700
3/13/2018,44.669998,44.830002,44.400002,44.57,42.068802,11342100
3/14/2018,44.380001,44.43,43.73,43.779999,41.687916,15321200
3/15/2018,43.880001,44,43.549999,43.669998,41.583168,12456700
3/16/2018,43.700001,44.02,43.450001,43.459999,41.383202,26603300
3/19/2018,43.459999,43.709999,43.18,43.259998,41.19276,12380300
3/20/2018,43.32,43.48,43.009998,43.16,41.097546,13559800
3/21/2018,43.130001,43.450001,42.790001,43,40.945187,13054000
3/22/2018,42.880001,43.369999,42.700001,42.759998,40.716656,12274100
3/23/2018,42.82,43.16,42.290001,42.330002,40.307205,13475200
3/26/2018,42.610001,42.810001,42.25,42.689999,40.649998,11276100
3/27/2018,42.700001,43.310001,42.529999,42.889999,40.840443,11627000
3/28/2018,43,43.700001,43,43.32,41.249893,16277400
3/29/2018,43.540001,43.919998,43.290001,43.43,41.354641,10450500
4/2/2018,43.439999,43.5,42.470001,42.669998,40.630955,14207900
4/3/2018,42.98,43.540001,42.84,43.380001,41.307026,15484600
4/4/2018,43.139999,44.400002,43.110001,44.240002,42.125935,13563300
4/5/2018,44.279999,44.610001,43.939999,44.400002,42.278286,11707800
4/6/2018,44.279999,44.52,43.709999,43.919998,41.821224,11495100
4/9/2018,44.029999,44.310001,43.779999,43.830002,41.735531,11913400
4/10/2018,44.07,44.18,43.720001,43.990002,41.887878,10379500
4/11/2018,43.810001,44.139999,43.759998,43.990002,41.887878,8424300
4/12/2018,44.080002,44.41,43.950001,44.029999,41.925964,8476400
4/13/2018,44.189999,44.689999,44.139999,44.509998,42.383026,10774200
4/16/2018,44.650002,44.889999,44.400002,44.68,42.54491,8962100
4/17/2018,44.950001,45.029999,44.650002,44.880001,42.735352,8406400
4/18/2018,44.900002,44.970001,44.330002,44.509998,42.383026,7429000
4/19/2018,44.34,44.470001,44.02,44.310001,42.192589,10370400
4/20/2018,44.310001,44.41,43.580002,43.740002,41.64983,14690700
4/23/2018,43.740002,43.990002,43.560001,43.98,41.878357,11878500
4/24/2018,43.98,44.099998,42.73,43.07,41.011845,18523900
4/25/2018,42.740002,42.889999,41.91,42.43,40.402431,20774700
4/26/2018,42.400002,43.099998,42.259998,42.75,40.707138,13561000
4/27/2018,42.73,43.34,42.709999,43.310001,41.240372,9777900
4/30/2018,43.5,43.689999,42.970001,43.209999,41.145153,16037700
5/1/2018,42.959999,42.990002,42.18,42.59,40.554779,11514200
5/2/2018,42.400002,42.59,41.939999,42.060001,40.050106,13736400
5/3/2018,42.220001,42.400002,41.52,41.889999,39.888226,18352200
5/4/2018,41.790001,42.5,41.77,42.360001,40.33577,10946200
5/7/2018,42.34,42.490002,41.959999,42.139999,40.126286,9336000
5/8/2018,41.970001,42.09,41.689999,41.810001,39.812054,15062200
5/9/2018,41.970001,42.23,41.669998,41.779999,39.783485,9295200
5/10/2018,41.990002,42.360001,41.939999,42.18,40.164371,7924200
5/11/2018,42.240002,42.470001,42.040001,42.139999,40.126286,6331900
5/14/2018,42.25,42.32,41.900002,42.040001,40.031059,10715500
5/15/2018,41.779999,41.919998,41.450001,41.720001,39.726353,16449700
5/16/2018,41.740002,41.939999,41.540001,41.549999,39.56448,11590500
5/17/2018,42.009998,42.349998,41.869999,42.299999,40.278637,14857400
5/18/2018,42.299999,42.380001,42.080002,42.18,40.164371,11950200
5/21/2018,42.310001,42.52,42.27,42.41,40.383377,9110200
5/22/2018,42.5,42.599998,42.209999,42.25,40.23103,8222900
5/23/2018,42.25,42.450001,41.93,42.400002,40.373863,8971400
5/24/2018,42.400002,42.470001,42.189999,42.32,40.297676,9269600
5/25/2018,42.34,42.580002,42.200001,42.400002,40.373863,8806500
5/29/2018,42.119999,42.849998,42.099998,42.68,40.64048,14826900
5/30/2018,42.77,43.279999,42.700001,43.130001,41.068974,10114200
5/31/2018,43.200001,43.209999,42.68,43,40.945187,15571300
6/1/2018,43.099998,43.32,43.040001,43.119999,41.059452,10664700
6/4/2018,43.360001,43.59,43.290001,43.490002,41.411774,11727600
6/5/2018,43.5,43.540001,43.099998,43.110001,41.049934,9975900
6/6/2018,43.060001,43.459999,43.040001,43.459999,41.383202,9202900
6/7/2018,43.330002,43.73,43.330002,43.439999,41.364162,11948100
6/8/2018,43.57,44,43.560001,43.950001,41.849785,12078800
6/11/2018,43.950001,44.25,43.889999,44.130001,42.021187,7526100
6/12/2018,44.130001,44.419998,44.080002,44.41,42.287811,8243300
6/13/2018,44.349998,44.52,44.150002,44.18,42.068802,16745000
6/14/2018,43.75,43.849998,43.52,43.580002,41.867054,12696200
6/15/2018,43.560001,44.150002,43.450001,44.119999,42.385826,21562500
6/18/2018,43.880001,43.959999,43.400002,43.549999,41.83823,12161900
6/19/2018,43.299999,43.75,43.200001,43.599998,41.886269,12936400
6/20/2018,43.619999,43.779999,43.23,43.259998,41.559628,10893700
6/21/2018,43.27,43.299999,42.959999,43.09,41.396313,10465200
6/22/2018,43.150002,43.41,43.080002,43.25,41.550026,14924400
6/25/2018,43.16,43.75,43.16,43.580002,41.867054,12092400
6/26/2018,43.560001,43.84,43.279999,43.330002,41.626881,13974700
6/27/2018,43.330002,43.610001,42.990002,43.07,41.377102,15332600
6/28/2018,43.240002,43.68,43.169998,43.470001,41.761379,12668900
6/29/2018,43.57,44.099998,43.310001,43.860001,42.136044,11485600
7/2/2018,43.779999,44.16,43.580002,43.75,42.030369,9232500
7/3/2018,44.060001,44.330002,43.990002,43.990002,42.260937,8214300
7/5/2018,44.16,44.669998,44.130001,44.66,42.904602,11653000
7/6/2018,44.669998,44.939999,44.580002,44.639999,42.885387,8733900
7/9/2018,44.540001,44.73,44.34,44.400002,42.654819,7373100
7/10/2018,44.509998,45,44.5,44.970001,43.202419,10606100
7/11/2018,44.990002,45,44.639999,44.790001,43.029495,7715600
7/12/2018,44.830002,44.959999,44.490002,44.669998,42.914207,6331600
7/13/2018,44.700001,44.779999,44.470001,44.740002,42.981461,5585900
7/16/2018,44.73,44.799999,44.529999,44.73,42.971855,5831400
7/17/2018,44.75,45.389999,44.68,45.25,43.471409,11592200
7/18/2018,45.189999,45.290001,44.84,45.119999,43.346519,7351600
7/19/2018,44.990002,45.43,44.919998,45.110001,43.33691,10097500
7/20/2018,45.02,45.279999,44.900002,45.279999,43.500233,8588400
7/23/2018,45.279999,45.360001,44.77,44.950001,43.183205,9055700
7/24/2018,44.779999,45.27,44.610001,45.259998,43.481018,13786100
7/25/2018,46,46.580002,45.75,46.09,44.278397,21330600
7/26/2018,46.360001,46.59,46.200001,46.240002,44.422497,12673100
7/27/2018,46.32,46.5,46.060001,46.209999,44.393681,10516900
7/30/2018,46.099998,46.439999,46.049999,46.23,44.412891,8967900
7/31/2018,46.400002,46.669998,46.310001,46.630001,44.797169,12438800
8/1/2018,46.450001,46.490002,46.169998,46.389999,44.566605,9904100
8/2/2018,46.48,46.630001,46.18,46.18,44.364861,12009700
8/3/2018,46.23,46.759998,46.139999,46.619999,44.787563,11462800
8/6/2018,46.599998,46.869999,46.549999,46.650002,44.816383,10056100
8/7/2018,46.52,46.610001,46.130001,46.5,44.672276,8632900
8/8/2018,46.490002,46.560001,46.119999,46.150002,44.336037,6810000
8/9/2018,46.25,46.419998,46.080002,46.349998,44.528175,8924100
8/10/2018,46.209999,46.419998,45.970001,46.080002,44.268791,7535400
8/13/2018,46.049999,46.130001,45.700001,45.830002,44.02861,8143400
8/14/2018,45.91,46.099998,45.869999,45.889999,44.086254,6846100
8/15/2018,45.77,46.150002,45.650002,46.080002,44.268791,9686400
8/16/2018,46.110001,46.380001,45.970001,46.220001,44.403286,10600700
8/17/2018,46.290001,46.73,46.240002,46.599998,44.768345,8885700
8/20/2018,46.68,46.869999,46.59,46.73,44.893238,6392000
8/21/2018,46.73,46.75,46.209999,46.220001,44.403286,13986300
8/22/2018,46.34,46.380001,45.919998,45.93,44.124683,7159100
8/23/2018,45.889999,46.080002,45.689999,45.700001,43.903725,13144900
8/24/2018,45.650002,45.799999,45.580002,45.630001,43.836479,10952900
8/27/2018,46.049999,46.049999,45.560001,45.689999,43.894115,9581200
8/28/2018,45.650002,45.73,45.279999,45.369999,43.5867,8476800
8/29/2018,45.25,45.419998,45.220001,45.330002,43.548267,12410900
8/30/2018,45.279999,45.32,44.889999,44.950001,43.183205,9716500
8/31/2018,45,45.07,44.389999,44.57,42.818138,19834100
9/4/2018,44.599998,44.900002,44.509998,44.759998,43.000668,11138500
9/5/2018,44.66,45.419998,44.66,45.380001,43.596306,10554900
9/6/2018,45.400002,46,45.299999,45.77,43.970974,11439400
9/7/2018,45.599998,45.82,45.279999,45.720001,43.922943,10208100
9/10/2018,45.91,46.310001,45.799999,46.060001,44.249573,8568900
9/11/2018,46.099998,46.150002,45.880001,46.02,44.211151,9278300
9/12/2018,46.16,46.299999,46.02,46.240002,44.422497,13216400
9/13/2018,46.009998,46.119999,45.709999,45.830002,44.403118,8294800
9/14/2018,45.919998,46.029999,45.610001,45.990002,44.558136,7612900
9/17/2018,46,46.330002,45.91,46.32,44.877865,8527300
9/18/2018,46.389999,46.529999,45.93,45.93,44.500004,9847400
9/19/2018,46,46.110001,45.869999,45.959999,44.529072,7119000
9/20/2018,46.220001,46.68,46.150002,46.639999,45.187901,9736700
9/21/2018,46.639999,46.689999,46.380001,46.580002,45.129768,19240300
9/24/2018,46.490002,46.529999,45.84,46.07,44.635647,10778900
9/25/2018,46.060001,46.18,45.610001,45.68,44.25779,7919100
9/26/2018,45.77,46.07,45.57,45.849998,44.422497,10162600
9/27/2018,45.73,46.18,45.68,46.009998,44.577511,10826900
9/28/2018,46,46.189999,45.970001,46.189999,44.751911,9071900
10/1/2018,46.169998,46.349998,46.049999,46.23,44.790665,9364700
10/2/2018,46.279999,46.560001,46.060001,46.509998,45.061947,7462700
10/3/2018,46.459999,46.549999,45.799999,45.869999,44.441872,10542300
10/4/2018,45.66,45.900002,45.43,45.849998,44.422497,9582300
10/5/2018,45.939999,46.16,45.689999,45.880001,44.451565,8734100
10/8/2018,45.990002,46.580002,45.970001,46.48,45.032883,9808100
10/9/2018,46.380001,46.549999,46.220001,46.389999,44.945686,10824500
10/10/2018,46.299999,46.700001,45.669998,45.68,44.25779,13917000
10/11/2018,45.799999,45.970001,44.5,44.639999,43.250172,17677900
10/12/2018,44.48,44.880001,44.25,44.68,43.288925,12420100
10/15/2018,44.639999,45.27,44.59,44.91,43.511765,11608500
10/16/2018,45.02,45.599998,44.860001,45.490002,44.073708,10442500
10/17/2018,45.41,45.990002,45.360001,45.860001,44.43219,11055800
10/18/2018,45.900002,46.080002,45.459999,45.610001,44.189972,12716900
10/19/2018,45.830002,46.490002,45.830002,46.330002,44.887554,13989200
10/22/2018,46.369999,46.459999,45.810001,45.970001,44.538765,14283600
10/23/2018,45.619999,46.459999,45.450001,46.360001,44.916618,17483900
10/24/2018,46.330002,47.389999,46.240002,46.73,45.275097,21626000
10/25/2018,46.650002,46.740002,46.119999,46.509998,45.061947,14220200
10/26/2018,46.369999,46.48,45.43,45.919998,44.490314,21458000
